id,dg,sequence
Im7,11.7,MEHHHHHHELKNSISDYTEAEFVQLLKEIEKENVAATDDVLDVLLEHFVKITEHPDGTDLIYYPSDNRDDSPEGIVKEIKEWRAANGKPGFKQG
Im9,20.9,MEHHHHHHELKHSISDYTEAEFLQLVTTICNADTSSEEELVKLVTHFEEMTEHPSGSDLIYYPKEGDDDSPSGIVNTVKQWRAANGKSGFKQG
L23,11.3,MKTAYDVILAPVLSEKAYAGFAEGKYTFWVHPKATKTEIKNAVETAFKVKVVKVNTLHVRGKKKRLGRYLGKRPDRKKAIVQVAPGQKIEALEGLI
mAcP,20.4,GSTAQSLKSVDYEVFGRVQGVCFRMYTEDEARKIGVVGWVKNTSKGTVTGQVQGPEDKVNSMKSWLSKVGSPSSRIDRTNFSNEKTISKLEYSNFSIRY
S6,34.7,MRRYEVNIVLNPNLDQSQLALGKEIIQRALENYGARVEKVEELGLRRLAYPIAKDPQGYFLWYQVEMPEDRVNDLARELRIRDNVRRVMVVKSQEPFLANA
SrcSH2,31,GAQAEEWYFGKITRRESERLLLNPENPRGTFLVRESETTKGAYCLSVSDFDNAKGLNVKHYKIRKLDSGGFYITSRTQFSSLQQLVAYYSKHADGLCHRLTNVCPTSKPQ
Tm1083,38.4,MRKPIEHTADIAYEISGNSYEELLEEARNILLEEEGIVLDTEEKEKMYPLEETEDAFFDTVNDWILEISKGWAPWRIKREGNELKVTFRKIRKKEGTEIKALTYHLLKFERDGDVLKTKVVFDT
U1A,34.1,MAVPETRPNHTIYINNLNEKIKKDELKKSLHAIFSRFGQILDILVSRSLKMRGQAWVIFKEVSSATNALRSMQGFPFYDKPMRIQYAKTDSDIIAKMKGTFV
Urm1,13.0,GSMVNVKVEFLGGLDAIFGKQRVHKIKMDKEDPVTVGDLIDHIVSTMINNPNDVSIFIEDDSIRPGIITLINDTDWELEGEKDYILEDGDIISFTSTLHGG
Abp1_SH3,13.0,MAPWATAEYDYDAAEDNELTFVENDKIINIEFVDDDWWLGELEKDGSKGLFPSNYVSLGNLEHHHHHH
ACBP,23.7,SQAEFDKAAEEVKHLKTKPADEEMLFIYSHYKQATVGDINTERPGMLDFKGKAKWDAWNELKGTSKEDAMKAYIDKVEELKKKYGI
azurin,29.2,AECSVDIQGNDQMQFNTNAITVDKSCKQFTVNLSHPGNLPKNVMGHNWVLSTAADMQGVVTDGMASGLDKDYLKPDDSRVIAHTKLIGSGEKDSVTFDVSKLKEGEQYMFFCTFPGHSALMKGTLTLK
CheW,50.2,MKTLADALKEFEVLSFEIDEQALAFDVDNIEMVIEKSDITPVPKSRHFVEGVINLRGRIIPVVNLAKILGISFDEQKMKSIIVARTKDVEVGFLVDRVLGVLRITENQLDLTNVSDKFGKKSKGLVKTDGRLIIYLDIDKIIEEITVKEGV
CIhyphen,32.5,MLKTEWPELVGKSVEEAKKVILQDKPEAQIIVLPVGTIVTMEYRIDRVRLFVDKLDNIAQVPRVG
CTL9,27.2,AAEELANAKKLKEQLEKLTVTIPAKAGEGGRLFGSITSKQIAESLQAQHGLKLDKRKIELADAIRALGYTNVPVKLHPEVTATLKVHVTEQK
EC0298,11.4,MGSSHHHHHHSSGLVPRCSHMNKDEAGGNWKQFKGKVKEQWGKLTDDDMTIIEGKRDQLVGKIQERYGYQKDQAEKEVVDWETRNEYRW
FKBP12,23.4,GSMGVQVETISPGDGRTFPKRGGTCVVHTGMLQDGKKFDSSRDRNKPFKFMLGKQEVIRGWEEGVAQMSVGQRAKLTISPDYAYGATGHPGIIPPHATLVFDVELLKLE
FynSH3,20.3,MGSSHHHHHHSSGLVPRGSHMTLFEALYDYEARTEDDLSFHKGEKFQILNSSEGDWWEARSLTTGETGYIPSNYVAPV
GW1_InLB,15.5,METTEKTVNLTRYVKYIRGNAGIYKLPREDNSLKQGTLASHRCKALTVDREARNGGKLWYRLKNIGWTKAENLSLDRLEHHHHHH
hyphen_repressor,21.2,PLTQEQLEDARRLKAIWEKKKNELGLSQESVADKMGMGQSGVGALFNGINALNAYNAALLAKILKVSVEEFSPSIAREIYE
NTL9,17.3,MKVIFLKDVKGKGKKGEIKNVADGYANNFLFKQGLAIEATPANLKALEAQKQKEQR
ProteinL,19.9,MHHHHHHAMEEVTIKANLIFANGSTQTAEFKGTFEKATSEAYAYADTLKKDNGEWTVDVADKGYTLNIKFAG
raf_RBD,26,MGSNTIRVFLPNKQRTVVNVRNGMSLHDCLMKALKVRGLQPECCAVFRLLHEHKGKKARLDWNTDAASLIGEELQVDFLD
Sho1_SH3,9.4,MAIYKAKALYPYDADDDDAYEISFEQNEILQVSDIEGRWWKARRANGETGIIPSNYVQLIDGPEEMHRLEHHHHHH
Spectrin_SH3,13.9,MDETGKELVLALYDYQEKSPREVTMKKGDILTLLNSTNKDWWKVEVNDRQGFVPAAYVKKLD
SrcSH3,15.9,GATTFVALYDYESRTETDLSFKKGERLQIVNNTEGDWWLAHSLTTGQTGYIPSNYVAPSDSL
Ubiquitin,34.2,MQIFVKTLTGKTITLEVEPSDTIENVKAKIQDKEGIPPDQQRLIFAGKQLEDGRTLSDYNIQKESTLHLVLRLRGG
VslE,23.7,KSQVADKDDPTNKFYQSVVQLGNGFLDVFTSFGGLVAEAFGFKSDPKKSDVKTYFTTVAAKLEKTKTDLNSLPKEKSDISSTTGKPDSTGSVGTAVEGAIKEVSELLDKLVTAVKTAEEASSGTDAIGEVVDNNNAAKAADKASVTGIAKGIKEIVEAAGGSEKLKVAAAEGESNKGAGKLFGKAGAGANAGDSEAASKAAGAVSAVSGEQILSAIVKAAAAGEQEGEKPGEAKNPIAAAIGKGDEENGADFGDGMKKDDQIAAAIALRGMAKDGKFAVKNDEKGKAEGAIKGAAESAVRKVLGAITGLIGDAVSSGLRKAGDSVKAASKETPPALNK
