id,dg_cd,dg_f,sequence
ANK_1-1,NaN,NaN,MGLTPLMIAAVRGGGLDTGEDIENNEDSTAQVISDLLAQGAELNA
ANK_2-2,NaN,NaN,TGETSLHLAARFARADAAKRLLDAGADANS
ANK_3-3,NaN,NaN,TGRTPLHAAVAADAMGVFQILLRNRATNLNA
ANK_4-4,NaN,NaN,DGTTPLILAARLAIEGMVEDLITADADINA
ANK_5-5,NaN,NaN,SGKTALHWAAAVNNTEAVNILLMHHANRDA
ANK_6-6,NaN,NaN,KDETPLFLAAREGSYEASKALLDNFANREI
ANK_7-7,NaN,NaN,MDRLPRDVASERLHHDIVRLLDEH
ANK_1-2,NaN,NaN,MGLTPLMIAAVRGGGLDTGEDIENNEDSTAQVISDLLAQGAELNATMDKTGETSLHLAARFARADAAKRLLDAGADANS
ANK_2-3,NaN,NaN,TGETSLHLAARFARADAAKRLLDAGADANSQDNTGRTPLHAAVAADAMGVFQILLRNRATNLNA
ANK_3-4,NaN,NaN,TGRTPLHAAVAADAMGVFQILLRNRATNLNARMHDGTTPLILAARLAIEGMVEDLITADADINA
ANK_4-5,NaN,NaN,DGTTPLILAARLAIEGMVEDLITADADINAADNSGKTALHWAAAVNNTEAVNILLMHHANRDA
ANK_5-6,NaN,NaN,SGKTALHWAAAVNNTEAVNILLMHHANRDAQDDKDETPLFLAAREGSYEASKALLDNFANREI
ANK_6-7,NaN,NaN,KDETPLFLAAREGSYEASKALLDNFANREITDHMDRLPRDVASERLHHDIVRLLDEH
ANK_1-7,6.65,6.78,MGLTPLMIAAVRGGGLDTGEDIENNEDSTAQVISDLLAQGAELNATMDKTGETSLHLAARFARADAAKRLLDAGADANSQDNTGRTPLHAAVAADAMGVFQILLRNRATNLNARMHDGTTPLILAARLAIEGMVEDLITADADINAADNSGKTALHWAAAVNNTEAVNILLMHHANRDAQDDKDETPLFLAAREGSYEASKALLDNFANREITDHMDRLPRDVASERLHHDIVRLLDEH
ANK_1-6,2.85,3.01,MGLTPLMIAAVRGGGLDTGEDIENNEDSTAQVISDLLAQGAELNATMDKTGETSLHLAARFARADAAKRLLDAGADANSQDNTGRTPLHAAVAADAMGVFQILLRNRATNLNARMHDGTTPLILAARLAIEGMVEDLITADADINAADNSGKTALHWAAAVNNTEAVNILLMHHANRDAQDDKDETPLFLAAREGSYEASKALLDNFANREI
ANK_1-5,2.69,2.84,MGLTPLMIAAVRGGGLDTGEDIENNEDSTAQVISDLLAQGAELNATMDKTGETSLHLAARFARADAAKRLLDAGADANSQDNTGRTPLHAAVAADAMGVFQILLRNRATNLNARMHDGTTPLILAARLAIEGMVEDLITADADINAADNSGKTALHWAAAVNNTEAVNILLMHHANRDA
ANK_1-4,0,NaN,MGLTPLMIAAVRGGGLDTGEDIENNEDSTAQVISDLLAQGAELNATMDKTGETSLHLAARFARADAAKRLLDAGADANSQDNTGRTPLHAAVAADAMGVFQILLRNRATNLNARMHDGTTPLILAARLAIEGMVEDLITADADINA
ANK_4-7,0,NaN,DGTTPLILAARLAIEGMVEDLITADADINAADNSGKTALHWAAAVNNTEAVNILLMHHANRDAQDDKDETPLFLAAREGSYEASKALLDNFANREITDHMDRLPRDVASERLHHDIVRLLDEH
ANK_3-7,1.81,1.70,TGRTPLHAAVAADAMGVFQILLRNRATNLNARMHDGTTPLILAARLAIEGMVEDLITADADINAADNSGKTALHWAAAVNNTEAVNILLMHHANRDAQDDKDETPLFLAAREGSYEASKALLDNFANREITDHMDRLPRDVASERLHHDIVRLLDEH
ANK_2-7,4.96,5.05,TGETSLHLAARFARADAAKRLLDAGADANSQDNTGRTPLHAAVAADAMGVFQILLRNRATNLNARMHDGTTPLILAARLAIEGMVEDLITADADINAADNSGKTALHWAAAVNNTEAVNILLMHHANRDAQDDKDETPLFLAAREGSYEASKALLDNFANREITDHMDRLPRDVASERLHHDIVRLLDEH
ANK_2-6,1.96,2.03,TGETSLHLAARFARADAAKRLLDAGADANSQDNTGRTPLHAAVAADAMGVFQILLRNRATNLNARMHDGTTPLILAARLAIEGMVEDLITADADINAADNSGKTALHWAAAVNNTEAVNILLMHHANRDAQDDKDETPLFLAAREGSYEASKALLDNFANREI
ANK_2-5,1.73,1.54,TGETSLHLAARFARADAAKRLLDAGADANSQDNTGRTPLHAAVAADAMGVFQILLRNRATNLNARMHDGTTPLILAARLAIEGMVEDLITADADINAADNSGKTALHWAAAVNNTEAVNILLMHHANRDA
